Aaron Buchwald <aaron.buchwald56@gmail.com>

Aaron Kumavis <kumavis@users.noreply.github.com>

Abel Nieto <abel.nieto90@gmail.com>
Abel Nieto <abel.nieto90@gmail.com> <anietoro@uwaterloo.ca>

Adrian Sutton <adrian@oplabs.co>
Adrian Sutton <adrian@oplabs.co> <adrian@symphonious.net>

Afri Schoedon <58883403+q9f@users.noreply.github.com>
Afri Schoedon <5chdn@users.noreply.github.com> <58883403+q9f@users.noreply.github.com>

Alec Perseghin <aperseghin@gmail.com>

Aleksey Smyrnov <i@soar.name>

Alex Leverington <alex@ethdev.com>
Alex Leverington <alex@ethdev.com> <subtly@users.noreply.github.com>

Alex Pozhilenkov <alex_pozhilenkov@adoriasoft.com>
Alex Pozhilenkov <alex_pozhilenkov@adoriasoft.com> <leshiy12345678@gmail.com>

Alexey Akhunov <akhounov@gmail.com>

Alon Muroch <alonmuroch@gmail.com>

Andrei Silviu Dragnea <andreidragnea.dev@gmail.com>
Andrei Silviu Dragnea <andreidragnea.dev@gmail.com> <andreisilviudragnea@gmail.com>

Andrey Petrov <shazow@gmail.com>
Andrey Petrov <shazow@gmail.com> <andrey.petrov@shazow.net>

Arkadiy Paronyan <arkadiy@ethdev.com>

Armin Braun <me@obrown.io>

Aron Fischer <github@aron.guru> <homotopycolimit@users.noreply.github.com>

Austin Roberts <code@ausiv.com>
Austin Roberts <code@ausiv.com> <git@ausiv.com>

Bas van Kervel <bas@ethdev.com>
Bas van Kervel <bas@ethdev.com> <basvankervel@ziggo.nl>
Bas van Kervel <bas@ethdev.com> <basvankervel@gmail.com>
Bas van Kervel <bas@ethdev.com> <bas-vk@users.noreply.github.com>

Boqin Qin <bobbqqin@bupt.edu.cn>
Boqin Qin <bobbqqin@bupt.edu.cn> <Bobbqqin@gmail.com>

Casey Detrio <cdetrio@gmail.com>

Cheng Li <lob4tt@gmail.com>

Chris Ziogas <ziogaschr@gmail.com>
Chris Ziogas <ziogaschr@gmail.com> <ziogas_chr@hotmail.com>

Christoph Jentzsch <jentzsch.software@gmail.com>

Daniel Liu <liudaniel@qq.com>
Daniel Liu <liudaniel@qq.com> <139250065@qq.com>

Diederik Loerakker <proto@protolambda.com>

Dimitry Khokhlov <winsvega@mail.ru>

Ha ĐANG <dvietha@gmail.com>

Domino Valdano <dominoplural@gmail.com>
Domino Valdano <dominoplural@gmail.com> <jeff@okcupid.com>

Edgar Aroutiounian <edgar.factorial@gmail.com>

Elliot Shepherd <elliot@identitii.com>

Enrique Fynn <enriquefynn@gmail.com>

Enrique Fynn <me@enriquefynn.com>
Enrique Fynn <me@enriquefynn.com> <enriquefynn@gmail.com>

Ernesto del Toro <ernesto.deltoro@gmail.com>
Ernesto del Toro <ernesto.deltoro@gmail.com> <ernestodeltoro@users.noreply.github.com>

Everton Fraga <ev@ethereum.org>

Felix Lange <fjl@twurst.com>
Felix Lange <fjl@twurst.com> <fjl@users.noreply.github.com>

Frank Wang <eternnoir@gmail.com>

Gary Rong <garyrong0905@gmail.com>

Gavin Wood <i@gavwood.com>

Gregg Dourgarian <greggd@tempworks.com>

guangwu <guoguangwu@magic-shield.com>
guangwu <guoguangwu@magic-shield.com> <guoguangwug@gmail.com>

Guillaume Ballet <gballet@gmail.com>
Guillaume Ballet <gballet@gmail.com> <3272758+gballet@users.noreply.github.com>

Guillaume Nicolas <guin56@gmail.com>

Hanjiang Yu <delacroix.yu@gmail.com>
Hanjiang Yu <delacroix.yu@gmail.com> <42531996+de1acr0ix@users.noreply.github.com>

Heiko Hees <heiko@heiko.org>

Henning Diedrich <hd@eonblast.com>
Henning Diedrich <hd@eonblast.com> Drake Burroughs <wildfyre@hotmail.com>

henridf <henri@dubfer.com>
henridf <henri@dubfer.com> <henridf@gmail.com>

Hwanjo Heo <34005989+hwanjo@users.noreply.github.com>

Ikko Eltociear Ashimine <eltociear@gmail.com>

Iskander (Alex) Sharipov <quasilyte@gmail.com>
Iskander (Alex) Sharipov <quasilyte@gmail.com> <i.sharipov@corp.vk.com>

Jae Kwon <jkwon.work@gmail.com>

James Prestwich <james@prestwi.ch>
James Prestwich <james@prestwi.ch> <10149425+prestwich@users.noreply.github.com>

Janoš Guljaš <janos@resenje.org> <janos@users.noreply.github.com>
Janoš Guljaš <janos@resenje.org> Janos Guljas <janos@resenje.org>

Jared Wasinger <j-wasinger@hotmail.com>

Jason Carver <jacarver@linkedin.com>
Jason Carver <jacarver@linkedin.com> <ut96caarrs@snkmail.com>

Javier Peletier <jm@epiclabs.io>
Javier Peletier <jm@epiclabs.io> <jpeletier@users.noreply.github.com>

Jeffrey Wilcke <jeffrey@ethereum.org>
Jeffrey Wilcke <jeffrey@ethereum.org> <geffobscura@gmail.com>
Jeffrey Wilcke <jeffrey@ethereum.org> <obscuren@obscura.com>
Jeffrey Wilcke <jeffrey@ethereum.org> <obscuren@users.noreply.github.com>

Jens Agerberg <github@agerberg.me>

Jeremy Schlatter <jeremy.schlatter@gmail.com>
Jeremy Schlatter <jeremy.schlatter@gmail.com> <jeremy@jeremyschlatter.com>

John Chase <68833933+joohhnnn@users.noreply.github.com>

Joseph Chow <ethereum@outlook.com>
Joseph Chow <ethereum@outlook.com> ethers <TODO>

Joseph Goulden <joegoulden@gmail.com>

Justin Drake <drakefjustin@gmail.com>

Karl Bartel <karl.bartel@clabs.co>
Karl Bartel <karl.bartel@clabs.co> <karl@karl.berlin>

Kenso Trabing <ktrabing@acm.org>
Kenso Trabing <ktrabing@acm.org> <kenso.trabing@bloomwebsite.com>

Liyi Guo <102356659+colinlyguo@users.noreply.github.com>

lmittmann <3458786+lmittmann@users.noreply.github.com>
lmittmann <3458786+lmittmann@users.noreply.github.com> <lmittmann@users.noreply.github.com>

Liang Ma <liangma@liangbit.com>
Liang Ma <liangma@liangbit.com> <liangma.ul@gmail.com>

Louis Holbrook <dev@holbrook.no>
Louis Holbrook <dev@holbrook.no> <nolash@users.noreply.github.com>

makcandrov <makcandrov@proton.me>
makcandrov <makcandrov@proton.me> <108467407+makcandrov@users.noreply.github.com>

Maran Hidskes <maran.hidskes@gmail.com>

Marian Oancea <contact@siteshop.ro>

Martin Becze <mjbecze@gmail.com>
Martin Becze <mjbecze@gmail.com> <wanderer@users.noreply.github.com>

Martin Holst Swende <martin@swende.se>

Martin Lundfall <martin.lundfall@protonmail.com>

Marius van der Wijden <m.vanderwijden@live.de>
Marius van der Wijden <m.vanderwijden@live.de> <115323661+vdwijden@users.noreply.github.com>

Matt Garnett <lightclient@protonmail.com>
Matt Garnett <lightclient@protonmail.com> <14004106+lightclient@users.noreply.github.com>

Matthew Halpern <matthalp@gmail.com>
Matthew Halpern <matthalp@gmail.com> <matthalp@google.com>

meowsbits <b5c6@protonmail.com>
meowsbits <b5c6@protonmail.com> <45600330+meowsbits@users.noreply.github.com>

Michael Riabzev <michael@starkware.co>

Michael de Hoog <michael.dehoog@gmail.com>
Michael de Hoog <michael.dehoog@gmail.com> <michael.dehoog@coinbase.com>

Nchinda Nchinda <nchinda2@gmail.com>

Nebojsa Urosevic <nebojsa94@users.noreply.github.com>

nedifi <103940716+nedifi@users.noreply.github.com>

Nick Dodson <silentcicero@outlook.com>

Nick Johnson <arachnid@notdot.net>

Nick Savers <nicksavers@gmail.com>

Nishant Das <nishdas93@gmail.com>
Nishant Das <nishdas93@gmail.com> <nish1993@hotmail.com>

Olivier Hervieu <olivier.hervieu@gmail.com>

Pascal Dierich <pascal@merkleplant.xyz>
Pascal Dierich <pascal@merkleplant.xyz> <pascal@pascaldierich.com>

Paweł Bylica <chfast@gmail.com>
Paweł Bylica <chfast@gmail.com> <pawel@ethereum.org>

RJ Catalano <catalanor0220@gmail.com>
RJ Catalano <catalanor0220@gmail.com> <rj@erisindustries.com>

Ralph Caraveo <deckarep@gmail.com>

Rene Lubov <41963722+renaynay@users.noreply.github.com>

Robert Zaremba <robert@zaremba.ch>
Robert Zaremba <robert@zaremba.ch> <robert.zaremba@scale-it.pl>

Roberto Bayardo <bayardo@alum.mit.edu>
Roberto Bayardo <bayardo@alum.mit.edu> <roberto.bayardo@coinbase.com>

Roman Mandeleil <roman.mandeleil@gmail.com>

Sebastian Stammler <seb@oplabs.co>
Sebastian Stammler <seb@oplabs.co> <stammler.s@gmail.com>

Seungbae Yu <dbadoy4874@gmail.com>
Seungbae Yu <dbadoy4874@gmail.com> <72970043+dbadoy@users.noreply.github.com>

Sina Mahmoodi <1591639+s1na@users.noreply.github.com>

Steve Milk <wangpeculiar@gmail.com>
Steve Milk <wangpeculiar@gmail.com> <915337710@qq.com>

Sorin Neacsu <sorin.neacsu@gmail.com>
Sorin Neacsu <sorin.neacsu@gmail.com> <sorin@users.noreply.github.com>

Sven Ehlert <sven@ethdev.com>

Taylor Gerring <taylor.gerring@gmail.com>
Taylor Gerring <taylor.gerring@gmail.com> <taylor.gerring@ethereum.org>

Thomas Bocek <tom@tomp2p.net>

tianyeyouyou <tianyeyouyou@gmail.com>
tianyeyouyou <tianyeyouyou@gmail.com> <150894831+tianyeyouyou@users.noreply.github.com>

Tim Cooijmans <timcooijmans@gmail.com>

ucwong <ethereum2k@gmail.com>
ucwong <ethereum2k@gmail.com> <ucwong@126.com>

Valentin Wüstholz <wuestholz@gmail.com>
Valentin Wüstholz <wuestholz@gmail.com> <wuestholz@users.noreply.github.com>

Victor Tran <vu.tran54@gmail.com>

Viktor Trón <viktor.tron@gmail.com>

Ville Sundell <github@solarius.fi>

Vincent G <caktux@gmail.com>

Vitalik Buterin <v@buterin.com>

Vlad Gluhovsky <gluk256@gmail.com>
Vlad Gluhovsky <gluk256@gmail.com> <gluk256@users.noreply.github.com>

Wenshao Zhong <wzhong20@uic.edu>
Wenshao Zhong <wzhong20@uic.edu> <11510383@mail.sustc.edu.cn>
Wenshao Zhong <wzhong20@uic.edu> <374662347@qq.com>

Will Villanueva <hello@willvillanueva.com>

Xiaobing Jiang <s7v7nislands@gmail.com>

Xudong Liu <33193253+r1cs@users.noreply.github.com>

Yohann Léon <sybiload@gmail.com>

yzb <335357057@qq.com>
yzb <335357057@qq.com> <flyingyzb@gmail.com>

Zachinquarantine <Zachinquarantine@protonmail.com>
Zachinquarantine <Zachinquarantine@protonmail.com> <zachinquarantine@yahoo.com>

Ziyuan Zhong <zzy.albert@163.com>

Zsolt Felföldi <zsfelfoldi@gmail.com>

Максим Чусовлянов <mchusovlianov@gmail.com>
